,log_duration,log_src_bytes,log_dst_bytes
log_duration,1.0,0.10388711355187553,0.08349041551811502
log_src_bytes,0.10388711355187553,1.0,0.7023503920159769
log_dst_bytes,0.08349041551811502,0.7023503920159769,1.0
